parameter,mape_percent,n_valid,n_nan,n_zero_ref,n_invalid_ref,n_total,prediction_mean,reference_mean
avgRR,0.23863669,35,0,0,0,35,922.19147430,923.97142857
sdRR,1.80279751,35,0,0,0,35,79.05603409,77.73714286
RMSSD,2.37686133,35,0,0,0,35,57.44657878,56.27428571
pNN50,1.68304620,35,0,0,0,35,15.86058175,15.70857143
LF,28.51161674,35,0,0,0,35,1484.95241937,2195.45714286
HF,23.02964161,35,0,0,0,35,1128.16132172,1442.77142857
LF_HFratio,12.62357062,35,0,0,0,35,4.36679941,4.85342857
