parameter,mape_percent,n_valid,n_nan,n_zero_ref,n_invalid_ref,n_total,prediction_mean,reference_mean
avgRR,0.23789345,35,0,0,0,35,922.20671424,923.97142857
sdRR,1.83323580,35,0,0,0,35,79.06640105,77.73714286
RMSSD,2.69315187,35,0,0,0,35,57.54618087,56.27428571
pNN50,1.68274008,35,0,0,0,35,15.87790658,15.70857143
LF,16.43990375,35,0,0,0,35,1899.83138337,2195.45714286
HF,13.19185014,35,0,0,0,35,1412.74895463,1442.77142857
LF_HFratio,17.02803118,35,0,0,0,35,3.98178464,4.85342857
