parameter,mape_percent,n_valid,n_nan,n_zero_ref,n_invalid_ref,n_total,prediction_mean,reference_mean
avgRR,0.23863669,35,0,0,0,35,922.19147430,923.97142857
sdRR,1.80279751,35,0,0,0,35,79.05603409,77.73714286
RMSSD,2.37686133,35,0,0,0,35,57.44657878,56.27428571
pNN50,1.68304620,35,0,0,0,35,15.86058175,15.70857143
LF,12.15618297,35,0,0,0,35,1936.77414956,2195.45714286
HF,23.15335396,35,0,0,0,35,1126.85050138,1442.77142857
LF_HFratio,12.57764503,35,0,0,0,35,4.37385286,4.85342857
