parameter,mape_all_percent,n_valid_all,n_nan_all,mape_records_1_20_percent,n_valid_records_1_20,n_nan_records_1_20
avgRR,0.22893962,35,0,0.11299365,20,0
sdRR,2.91779237,35,0,2.46990229,20,0
RMSSD,6.94909215,35,0,7.69148074,20,0
pNN50,6.11844383,35,0,7.20710987,20,0
LF,9.28570893,35,0,8.00527751,20,0
HF,13.41963700,35,0,17.27497545,20,0
LF_HFratio,14.61204103,35,0,15.78902662,20,0
