parameter,mape_all_percent,n_valid_all,n_nan_all,mape_records_1_20_percent,n_valid_records_1_20,n_nan_records_1_20
avgRR,7.34013142,31,4,0.19139573,19,1
sdRR,22.93773388,31,4,5.18067668,19,1
RMSSD,74.44519341,31,4,17.30330476,19,1
pNN50,211.05783023,31,4,39.92637150,19,1
LF,46.55302220,31,4,33.65085013,19,1
HF,171.64671339,31,4,37.05843900,19,1
LF_HFratio,31.80246178,31,4,21.46567300,19,1
