parameter,mape_all_percent,n_valid_all,n_nan_all,mape_records_1_20_percent,n_valid_records_1_20,n_nan_records_1_20
avgRR,0.22910517,35,0,0.11337611,20,0
sdRR,2.90825055,35,0,2.47933403,20,0
RMSSD,6.90523687,35,0,7.61384132,20,0
pNN50,5.60188166,35,0,6.91867939,20,0
LF,9.20650278,35,0,7.97962636,20,0
HF,12.94074797,35,0,16.87915040,20,0
LF_HFratio,13.04070492,35,0,11.66008351,20,0
